"NVP_BID_NR","SVC_GRP_NR","CNY_CD","CCY_CD","MVM_DRC_CD","SVC_FEA_TYP_CD","SVM_TYP_CD","PKG_CHA_TYP_CD","PKG_ACQ_MTH_TYP_CD","ASY_SVC_TYP_CD","ASY_UNT_QY","ASY_LIS_RVN_A"
"P000023069","AJDWGZX","US","USD","N","ALL","GND","ALL","ALL","GDL",21,48.38
"P000023069","AJDWGZY","US","USD","N","ALL","GND","ALL","ALL","RES",20,68
"P000023069","AJDWHBA","US","USD","N","ALL","ALL","ALL","ALL","LPS",1.5,105.21
"P000023069","AJDWHBB","US","USD","N","ALL","GND","ALL","ALL","LPS",1.5,105.21
"P000023069","AJDWHBC","US","USD","E","ALL","ALL","ALL","ALL","FSC",0.31,0.49
"P000023069","AJDWHBD","US","USD","N","ALL","1DA","ALL","ALL","FSC",2.5,12.16
"P000023069","AJDWHBE","US","USD","N","ALL","1DA","ALL","ALL","GDL",0.2,0.58
"P000023069","AJDWHBF","US","USD","N","ALL","ALL","ALL","ALL","ADC",0.4,5.68
"P000023069","AJDWHBG","US","USD","N","ALL","ALL","ALL","ALL","ALP",5.2,2.6
"P000023069","AJDWHBH","US","USD","N","ALL","GND","ALL","ALL","AHC",21.5,227.1
"P000023069","AJDWHBI","US","USD","N","ALL","GND","ALL","ALL","FSC",408.9,393.16
"P010031328","AJCCKCC","US","USD","N","ALL","ALL","ALL","ALL","ALP",45.5,22.74
"P010031362","AJDMJFE","US","USD","N","ALL","GND","ALL","ALL","RES",10,34
"P020031133","ADVDDHE","US","USD","N","ALL","1DA","ALL","ALL","RES",1,3.65
"P020031133","ADVDDHG","US","USD","N","ALL","1DP","ALL","ALL","RES",1,3.65
"P020031133","ADVDDHJ","US","USD","N","ALL","2DM","ALL","ALL","RES",1,3.65
"P020031133","ADVDDHK","US","USD","N","ALL","2DA","ALL","ALL","RES",1,3.65
"P020031133","ADVDDHL","US","USD","N","ALL","3DS","ALL","ALL","RES",1,3.65
"P020031133","ADVDDHT","US","USD","N","ALL","GND","ALL","ALL","RES",1,3.25
"P020031133","ADVDDHW","US","USD","E","ALL","EXW","ALL","ALL","GDL",0,0
"P020031133","ADVDDHX","US","USD","E","ALL","GND","ALL","ALL","GDL",0,0
"P020031133","ADVDDHY","US","USD","E","ALL","WWS","ALL","ALL","GDL",0,0
"P020031133","ADVDDHZ","US","USD","E","ALL","WXP","ALL","ALL","GDL",0,0
"P020031133","ADVDDJA","US","USD","E","ALL","WXP","ALL","ALL","GFP",0,0
"P020031133","ADVDDJB","US","USD","E","ALL","WXS","ALL","ALL","GDL",0,0
"P020031133","ADVDDJC","US","USD","E","ALL","XPD","ALL","ALL","GDL",0,0
"P020031133","ADVDDJD","US","USD","E","ALL","XPR","ALL","ALL","GDL",0,0
"P020031133","ADVDDJE","US","USD","I","ALL","3DM","ALL","ALL","GDL",0,0
"P020031133","ADVDDJF","US","USD","I","ALL","3DM","ALL","ALL","GPU",0,0
"P020031133","ADVDDJG","US","USD","I","ALL","EXW","ALL","ALL","GDL",0,0
"P020031133","ADVDDJH","US","USD","I","ALL","EXW","ALL","ALL","GPU",0,0
"P020031133","ADVDDJI","US","USD","I","ALL","GND","ALL","ALL","GDL",0,0
"P020031133","ADVDDJJ","US","USD","I","ALL","GND","ALL","ALL","GPU",0,0
"P020031133","ADVDDJK","US","USD","I","ALL","WWS","ALL","ALL","GDL",0,0
"P020031133","ADVDDJL","US","USD","I","ALL","WWS","ALL","ALL","GPU",0,0
"P020031133","ADVDDJM","US","USD","I","ALL","WXP","ALL","ALL","GDL",0,0
"P020031133","ADVDDJN","US","USD","I","ALL","WXP","ALL","ALL","GFD",0,0
"P020031133","ADVDDJO","US","USD","I","ALL","WXP","ALL","ALL","GPU",0,0
"P020031133","ADVDDJP","US","USD","I","ALL","WXS","ALL","ALL","GDL",0,0
"P020031133","ADVDDJQ","US","USD","I","ALL","WXS","ALL","ALL","GPU",0,0
"P020031133","ADVDDJR","US","USD","I","ALL","XPD","ALL","ALL","GDL",0,0
"P020031133","ADVDDJS","US","USD","I","ALL","XPD","ALL","ALL","GPU",0,0
"P020031133","ADVDDJT","US","USD","I","ALL","XPR","ALL","ALL","GDL",0,0
"P020031133","ADVDDJU","US","USD","I","ALL","XPR","ALL","ALL","GPU",0,0
"P020031133","ADVDDJV","US","USD","N","ALL","1DA","ALL","ALL","GDL",0,0
"P020031133","ADVDDJW","US","USD","N","FFC","1DA","ALL","ALL","GDL",0,0
"P020031133","ADVDDJX","US","USD","N","SCR","1DA","ALL","ALL","GDL",0,0
"P020031133","ADVDDJY","US","USD","N","SFC","1DA","ALL","ALL","GDL",0,0
"P020031133","ADVDDJZ","US","USD","N","SFR","1DA","ALL","ALL","GDL",0,0
"P020031133","ADVDDKA","US","USD","N","SPB","1DA","ALL","ALL","GDL",0,0
"P020031133","ADVDDKB","US","USD","N","SPR","1DA","ALL","ALL","GDL",0,0
"P020031133","ADVDDKC","US","USD","N","STC","1DA","ALL","ALL","GDL",0,0
"P020031133","ADVDDKD","US","USD","N","STP","1DA","ALL","ALL","GDL",0,0
"P020031133","ADVDDKE","US","USD","N","STR","1DA","ALL","ALL","GDL",0,0
"P020031133","ADVDDKF","US","USD","N","ALL","1DM","ALL","ALL","GDL",0,0
"P020031133","ADVDDKG","US","USD","N","FFC","1DM","ALL","ALL","GDL",0,0
"P020031133","ADVDDKH","US","USD","N","SCR","1DM","ALL","ALL","GDL",0,0
"P020031133","ADVDDKI","US","USD","N","SFC","1DM","ALL","ALL","GDL",0,0
"P020031133","ADVDDKJ","US","USD","N","SFR","1DM","ALL","ALL","GDL",0,0
"P020031133","ADVDDKK","US","USD","N","SPB","1DM","ALL","ALL","GDL",0,0
"P020031133","ADVDDKL","US","USD","N","SPR","1DM","ALL","ALL","GDL",0,0
"P020031133","ADVDDKM","US","USD","N","STC","1DM","ALL","ALL","GDL",0,0
"P020031133","ADVDDKN","US","USD","N","STP","1DM","ALL","ALL","GDL",0,0
"P020031133","ADVDDKO","US","USD","N","STR","1DM","ALL","ALL","GDL",0,0
"P020031133","ADVDDKP","US","USD","N","ALL","1DP","ALL","ALL","GDL",0,0
"P020031133","ADVDDKQ","US","USD","N","FFC","1DP","ALL","ALL","GDL",0,0
"P020031133","ADVDDKR","US","USD","N","SCR","1DP","ALL","ALL","GDL",0,0
"P020031133","ADVDDKS","US","USD","N","SFC","1DP","ALL","ALL","GDL",0,0
"P020031133","ADVDDKT","US","USD","N","SFR","1DP","ALL","ALL","GDL",0,0
"P020031133","ADVDDKU","US","USD","N","SPB","1DP","ALL","ALL","GDL",0,0
"P020031133","ADVDDKV","US","USD","N","SPR","1DP","ALL","ALL","GDL",0,0
"P020031133","ADVDDKW","US","USD","N","STC","1DP","ALL","ALL","GDL",0,0
"P020031133","ADVDDKX","US","USD","N","STP","1DP","ALL","ALL","GDL",0,0
"P020031133","ADVDDKY","US","USD","N","STR","1DP","ALL","ALL","GDL",0,0
"P020031133","ADVDDKZ","US","USD","N","ALL","2DA","ALL","ALL","GDL",0,0
"P020031133","ADVDDLA","US","USD","N","FFC","2DA","ALL","ALL","GDL",0,0
"P020031133","ADVDDLB","US","USD","N","SCR","2DA","ALL","ALL","GDL",0,0
"P020031133","ADVDDLC","US","USD","N","SFC","2DA","ALL","ALL","GDL",0,0
"P020031133","ADVDDLD","US","USD","N","SFR","2DA","ALL","ALL","GDL",0,0
"P020031133","ADVDDLE","US","USD","N","SPB","2DA","ALL","ALL","GDL",0,0
"P020031133","ADVDDLF","US","USD","N","SPR","2DA","ALL","ALL","GDL",0,0
"P020031133","ADVDDLG","US","USD","N","STC","2DA","ALL","ALL","GDL",0,0
"P020031133","ADVDDLH","US","USD","N","STP","2DA","ALL","ALL","GDL",0,0
"P020031133","ADVDDLI","US","USD","N","STR","2DA","ALL","ALL","GDL",0,0
"P020031133","ADVDDLJ","US","USD","N","ALL","2DM","ALL","ALL","GDL",0,0
"P020031133","ADVDDLK","US","USD","N","FFC","2DM","ALL","ALL","GDL",0,0
"P020031133","ADVDDLL","US","USD","N","SCR","2DM","ALL","ALL","GDL",0,0
"P020031133","ADVDDLM","US","USD","N","SFC","2DM","ALL","ALL","GDL",0,0
"P020031133","ADVDDLN","US","USD","N","SFR","2DM","ALL","ALL","GDL",0,0
"P020031133","ADVDDLO","US","USD","N","SPB","2DM","ALL","ALL","GDL",0,0
"P020031133","ADVDDLP","US","USD","N","SPR","2DM","ALL","ALL","GDL",0,0
"P020031133","ADVDDLQ","US","USD","N","STC","2DM","ALL","ALL","GDL",0,0
"P020031133","ADVDDLR","US","USD","N","STP","2DM","ALL","ALL","GDL",0,0
"P020031133","ADVDDLS","US","USD","N","STR","2DM","ALL","ALL","GDL",0,0
"P020031133","ADVDDLT","US","USD","N","ALL","3DS","ALL","ALL","GDL",0,0
"P020031133","ADVDDLU","US","USD","N","FFC","3DS","ALL","ALL","GDL",0,0
"P020031133","ADVDDLV","US","USD","N","SCR","3DS","ALL","ALL","GDL",0,0
"P020031133","ADVDDLW","US","USD","N","SFC","3DS","ALL","ALL","GDL",0,0
"P020031133","ADVDDLX","US","USD","N","SFR","3DS","ALL","ALL","GDL",0,0
"P020031133","ADVDDLY","US","USD","N","SPB","3DS","ALL","ALL","GDL",0,0
"P020031133","ADVDDLZ","US","USD","N","SPR","3DS","ALL","ALL","GDL",0,0
"P020031133","ADVDDMA","US","USD","N","STC","3DS","ALL","ALL","GDL",0,0
"P020031133","ADVDDMB","US","USD","N","STP","3DS","ALL","ALL","GDL",0,0
"P020031133","ADVDDMC","US","USD","N","STR","3DS","ALL","ALL","GDL",0,0
"P020031133","ADVDDMD","US","USD","N","ALL","GND","ALL","ALL","GDL",5.9,13.53
"P020031133","ADVDDME","US","USD","N","FFC","GND","ALL","ALL","GDL",0,0
"P020031133","ADVDDMF","US","USD","N","SCR","GND","ALL","ALL","GDL",0,0
"P020031133","ADVDDMG","US","USD","N","SFC","GND","ALL","ALL","GDL",0,0
"P020031133","ADVDDMH","US","USD","N","SFR","GND","ALL","ALL","GDL",0,0
"P020031133","ADVDDMI","US","USD","N","SPB","GND","ALL","ALL","GDL",0,0
"P020031133","ADVDDMJ","US","USD","N","SPR","GND","ALL","ALL","GDL",0,0
"P020031133","ADVDDMK","US","USD","N","STC","GND","ALL","ALL","GDL",0,0
"P020031133","ADVDDML","US","USD","N","STP","GND","ALL","ALL","GDL",0,0
"P020031133","ADVDDMM","US","USD","N","STR","GND","ALL","ALL","GDL",0,0
"P020031133","ADVDDMN","US","USD","N","ALL","USB","ALL","ALL","GDL",0,0
"P020031133","ADVDDMO","US","USD","N","ALL","USG","ALL","ALL","GDL",0,0
"P020031133","ADVDDMP","US","USD","N","ALL","USL","ALL","ALL","GDL",0,0
"P020031133","ADVDDMQ","US","USD","N","ALL","USM","ALL","ALL","GDL",0,0
"P020031133","ADVDDMR","US","USD","N","CFC","1DA","ALL","REG","GDL",0,0
"P020031133","ADVDDMS","US","USD","N","CTP","1DA","ALL","REG","GDL",0,0
"P020031133","ADVDDMT","US","USD","N","CWT","1DA","ALL","REG","GDL",0,0
"P020031133","ADVDDMU","US","USD","N","CFC","1DP","ALL","REG","GDL",0,0
"P020031133","ADVDDMV","US","USD","N","CTP","1DP","ALL","REG","GDL",0,0
"P020031133","ADVDDMW","US","USD","N","CWT","1DP","ALL","REG","GDL",0,0
"P020031133","ADVDDMX","US","USD","N","CFC","2DA","ALL","REG","GDL",0,0
"P020031133","ADVDDMY","US","USD","N","CTP","2DA","ALL","REG","GDL",0,0
"P020031133","ADVDDMZ","US","USD","N","CWT","2DA","ALL","REG","GDL",0,0
"P020031133","ADVDDNA","US","USD","N","CFC","2DM","ALL","REG","GDL",0,0
"P020031133","ADVDDNB","US","USD","N","CTP","2DM","ALL","REG","GDL",0,0
"P020031133","ADVDDNC","US","USD","N","CWT","2DM","ALL","REG","GDL",0,0
"P020031133","ADVDDND","US","USD","N","CFC","3DS","ALL","REG","GDL",0,0
"P020031133","ADVDDNE","US","USD","N","CTP","3DS","ALL","REG","GDL",0,0
"P020031133","ADVDDNF","US","USD","N","CWT","3DS","ALL","REG","GDL",0,0
"P020031133","ADVDDNG","US","USD","N","CFC","GND","ALL","REG","GDL",0,0
"P020031133","ADVDDNH","US","USD","N","CTP","GND","ALL","REG","GDL",0,0
"P020031133","ADVDDNI","US","USD","N","CWT","GND","ALL","REG","GDL",0,0
"P020031133","ADVDDTK","US","USD","N","ALL","ALL","ALL","ALL","ALP",55.3,27.66
"P020031133","ADVDDTL","US","USD","N","ALL","ALL","ALL","ALL","ERL",1,1
"P020031133","AHRSRLP","US","USD","N","ALL","ALL","ALL","ALL","FSC",12.2,10.25
"P020031133","AHRSRQW","US","USD","E","ALL","ALL","ALL","ALL","FSC",0,0
"P020031133","AHRSRVF","US","USD","I","ALL","ALL","ALL","ALL","FSC",0,0
"P020031283","AHZPYVS","US","USD","N","ALL","GND","ALL","ALL","RES",1,3.4
"P020031283","AHZPYVV","US","USD","E","ALL","EXW","ALL","ALL","GDL",0,0
"P020031283","AHZPYVW","US","USD","E","ALL","GND","ALL","ALL","GDL",0,0
"P020031283","AHZPYVX","US","USD","E","ALL","WWS","ALL","ALL","GDL",0,0
"P020031283","AHZPYVY","US","USD","E","ALL","WXP","ALL","ALL","GDL",0,0
"P020031283","AHZPYVZ","US","USD","E","ALL","WXP","ALL","ALL","GFP",0,0
"P020031283","AHZPYWA","US","USD","E","ALL","WXS","ALL","ALL","GDL",0,0
"P020031283","AHZPYWB","US","USD","E","ALL","XPD","ALL","ALL","GDL",0,0
"P020031283","AHZPYWC","US","USD","E","ALL","XPR","ALL","ALL","GDL",0,0
"P020031283","AHZPYWD","US","USD","I","ALL","3DM","ALL","ALL","GDL",0,0
"P020031283","AHZPYWE","US","USD","I","ALL","3DM","ALL","ALL","GPU",0,0
"P020031283","AHZPYWF","US","USD","I","ALL","EXW","ALL","ALL","GDL",0,0
"P020031283","AHZPYWG","US","USD","I","ALL","EXW","ALL","ALL","GPU",0,0
"P020031283","AHZPYWH","US","USD","I","ALL","GND","ALL","ALL","GDL",0,0
"P020031283","AHZPYWI","US","USD","I","ALL","GND","ALL","ALL","GPU",0,0
"P020031283","AHZPYWJ","US","USD","I","ALL","WWS","ALL","ALL","GDL",0,0
"P020031283","AHZPYWK","US","USD","I","ALL","WWS","ALL","ALL","GPU",0,0
"P020031283","AHZPYWL","US","USD","I","ALL","WXP","ALL","ALL","GDL",0,0
"P020031283","AHZPYWM","US","USD","I","ALL","WXP","ALL","ALL","GFD",0,0
"P020031283","AHZPYWN","US","USD","I","ALL","WXP","ALL","ALL","GPU",0,0
"P020031283","AHZPYWO","US","USD","I","ALL","WXS","ALL","ALL","GDL",0,0
"P020031283","AHZPYWP","US","USD","I","ALL","WXS","ALL","ALL","GPU",0,0
"P020031283","AHZPYWQ","US","USD","I","ALL","XPD","ALL","ALL","GDL",0,0
"P020031283","AHZPYWR","US","USD","I","ALL","XPD","ALL","ALL","GPU",0,0
"P020031283","AHZPYWS","US","USD","I","ALL","XPR","ALL","ALL","GDL",0,0
"P020031283","AHZPYWT","US","USD","I","ALL","XPR","ALL","ALL","GPU",0,0
"P020031283","AHZPYWU","US","USD","N","ALL","1DA","ALL","ALL","GDL",0,0
"P020031283","AHZPYWV","US","USD","N","FFC","1DA","ALL","ALL","GDL",0,0
"P020031283","AHZPYWW","US","USD","N","SCR","1DA","ALL","ALL","GDL",0,0
"P020031283","AHZPYWX","US","USD","N","SFC","1DA","ALL","ALL","GDL",0,0
"P020031283","AHZPYWY","US","USD","N","SFR","1DA","ALL","ALL","GDL",0,0
"P020031283","AHZPYWZ","US","USD","N","SPB","1DA","ALL","ALL","GDL",0,0
"P020031283","AHZPYXA","US","USD","N","SPR","1DA","ALL","ALL","GDL",0,0
"P020031283","AHZPYXB","US","USD","N","STC","1DA","ALL","ALL","GDL",0,0
"P020031283","AHZPYXC","US","USD","N","STP","1DA","ALL","ALL","GDL",0,0
"P020031283","AHZPYXD","US","USD","N","STR","1DA","ALL","ALL","GDL",0,0
"P020031283","AHZPYXE","US","USD","N","ALL","1DM","ALL","ALL","GDL",0,0
"P020031283","AHZPYXF","US","USD","N","FFC","1DM","ALL","ALL","GDL",0,0
"P020031283","AHZPYXG","US","USD","N","SCR","1DM","ALL","ALL","GDL",0,0
"P020031283","AHZPYXH","US","USD","N","SFC","1DM","ALL","ALL","GDL",0,0
"P020031283","AHZPYXI","US","USD","N","SFR","1DM","ALL","ALL","GDL",0,0
"P020031283","AHZPYXJ","US","USD","N","SPB","1DM","ALL","ALL","GDL",0,0
"P020031283","AHZPYXK","US","USD","N","SPR","1DM","ALL","ALL","GDL",0,0
"P020031283","AHZPYXL","US","USD","N","STC","1DM","ALL","ALL","GDL",0,0
"P020031283","AHZPYXM","US","USD","N","STP","1DM","ALL","ALL","GDL",0,0
"P020031283","AHZPYXN","US","USD","N","STR","1DM","ALL","ALL","GDL",0,0
"P020031283","AHZPYXO","US","USD","N","ALL","1DP","ALL","ALL","GDL",0,0
"P020031283","AHZPYXP","US","USD","N","FFC","1DP","ALL","ALL","GDL",0,0
"P020031283","AHZPYXQ","US","USD","N","SCR","1DP","ALL","ALL","GDL",0,0
"P020031283","AHZPYXR","US","USD","N","SFC","1DP","ALL","ALL","GDL",0,0
"P020031283","AHZPYXS","US","USD","N","SFR","1DP","ALL","ALL","GDL",0,0
"P020031283","AHZPYXT","US","USD","N","SPB","1DP","ALL","ALL","GDL",0,0
"P020031283","AHZPYXU","US","USD","N","SPR","1DP","ALL","ALL","GDL",0,0
"P020031283","AHZPYXV","US","USD","N","STC","1DP","ALL","ALL","GDL",0,0
"P020031283","AHZPYXW","US","USD","N","STP","1DP","ALL","ALL","GDL",0,0
"P020031283","AHZPYXX","US","USD","N","STR","1DP","ALL","ALL","GDL",0,0
"P020031283","AHZPYXY","US","USD","N","ALL","2DA","ALL","ALL","GDL",0,0
"P020031283","AHZPYXZ","US","USD","N","FFC","2DA","ALL","ALL","GDL",0,0
"P020031283","AHZPYYA","US","USD","N","SCR","2DA","ALL","ALL","GDL",0,0
"P020031283","AHZPYYB","US","USD","N","SFC","2DA","ALL","ALL","GDL",0,0
"P020031283","AHZPYYC","US","USD","N","SFR","2DA","ALL","ALL","GDL",0,0
"P020031283","AHZPYYD","US","USD","N","SPB","2DA","ALL","ALL","GDL",0,0
"P020031283","AHZPYYE","US","USD","N","SPR","2DA","ALL","ALL","GDL",0,0
"P020031283","AHZPYYF","US","USD","N","STC","2DA","ALL","ALL","GDL",0,0
"P020031283","AHZPYYG","US","USD","N","STP","2DA","ALL","ALL","GDL",0,0
"P020031283","AHZPYYH","US","USD","N","STR","2DA","ALL","ALL","GDL",0,0
"P020031283","AHZPYYI","US","USD","N","ALL","2DM","ALL","ALL","GDL",0,0
"P020031283","AHZPYYJ","US","USD","N","FFC","2DM","ALL","ALL","GDL",0,0
"P020031283","AHZPYYK","US","USD","N","SCR","2DM","ALL","ALL","GDL",0,0
"P020031283","AHZPYYL","US","USD","N","SFC","2DM","ALL","ALL","GDL",0,0
"P020031283","AHZPYYM","US","USD","N","SFR","2DM","ALL","ALL","GDL",0,0
"P020031283","AHZPYYN","US","USD","N","SPB","2DM","ALL","ALL","GDL",0,0
"P020031283","AHZPYYO","US","USD","N","SPR","2DM","ALL","ALL","GDL",0,0
"P020031283","AHZPYYP","US","USD","N","STC","2DM","ALL","ALL","GDL",0,0
"P020031283","AHZPYYQ","US","USD","N","STP","2DM","ALL","ALL","GDL",0,0
"P020031283","AHZPYYR","US","USD","N","STR","2DM","ALL","ALL","GDL",0,0
"P020031283","AHZPYYS","US","USD","N","ALL","3DS","ALL","ALL","GDL",0,0
"P020031283","AHZPYYT","US","USD","N","FFC","3DS","ALL","ALL","GDL",0,0
"P020031283","AHZPYYU","US","USD","N","SCR","3DS","ALL","ALL","GDL",0,0
"P020031283","AHZPYYV","US","USD","N","SFC","3DS","ALL","ALL","GDL",0,0
"P020031283","AHZPYYW","US","USD","N","SFR","3DS","ALL","ALL","GDL",0,0
"P020031283","AHZPYYX","US","USD","N","SPB","3DS","ALL","ALL","GDL",0,0
"P020031283","AHZPYYY","US","USD","N","SPR","3DS","ALL","ALL","GDL",0,0
"P020031283","AHZPYYZ","US","USD","N","STC","3DS","ALL","ALL","GDL",0,0
"P020031283","AHZPYZA","US","USD","N","STP","3DS","ALL","ALL","GDL",0,0
"P020031283","AHZPYZB","US","USD","N","STR","3DS","ALL","ALL","GDL",0,0
"P020031283","AHZPYZC","US","USD","N","ALL","GND","ALL","ALL","GDL",0,0
"P020031283","AHZPYZD","US","USD","N","FFC","GND","ALL","ALL","GDL",0,0
"P020031283","AHZPYZE","US","USD","N","SCR","GND","ALL","ALL","GDL",0,0
"P020031283","AHZPYZF","US","USD","N","SFC","GND","ALL","ALL","GDL",0,0
"P020031283","AHZPYZG","US","USD","N","SFR","GND","ALL","ALL","GDL",0,0
"P020031283","AHZPYZH","US","USD","N","SPB","GND","ALL","ALL","GDL",0,0
"P020031283","AHZPYZI","US","USD","N","SPR","GND","ALL","ALL","GDL",0,0
"P020031283","AHZPYZJ","US","USD","N","STC","GND","ALL","ALL","GDL",0,0
"P020031283","AHZPYZK","US","USD","N","STP","GND","ALL","ALL","GDL",0,0
"P020031283","AHZPYZL","US","USD","N","STR","GND","ALL","ALL","GDL",0,0
"P020031283","AHZPYZM","US","USD","N","ALL","USB","ALL","ALL","GDL",0,0
"P020031283","AHZPYZN","US","USD","N","ALL","USG","ALL","ALL","GDL",0,0
"P020031283","AHZPYZO","US","USD","N","ALL","USL","ALL","ALL","GDL",0,0
"P020031283","AHZPYZP","US","USD","N","ALL","USM","ALL","ALL","GDL",0,0
"P020031283","AHZPYZQ","US","USD","N","CFC","1DA","ALL","REG","GDL",0,0
"P020031283","AHZPYZR","US","USD","N","CTP","1DA","ALL","REG","GDL",0,0
"P020031283","AHZPYZS","US","USD","N","CWT","1DA","ALL","REG","GDL",0,0
"P020031283","AHZPYZT","US","USD","N","CFC","1DP","ALL","REG","GDL",0,0
"P020031283","AHZPYZU","US","USD","N","CTP","1DP","ALL","REG","GDL",0,0
"P020031283","AHZPYZV","US","USD","N","CWT","1DP","ALL","REG","GDL",0,0
"P020031283","AHZPYZW","US","USD","N","CFC","2DA","ALL","REG","GDL",0,0
"P020031283","AHZPYZX","US","USD","N","CTP","2DA","ALL","REG","GDL",0,0
"P020031283","AHZPYZY","US","USD","N","CWT","2DA","ALL","REG","GDL",0,0
"P020031283","AHZPYZZ","US","USD","N","CFC","2DM","ALL","REG","GDL",0,0
"P020031283","AHZPZBA","US","USD","N","CTP","2DM","ALL","REG","GDL",0,0
"P020031283","AHZPZBB","US","USD","N","CWT","2DM","ALL","REG","GDL",0,0
"P020031283","AHZPZBC","US","USD","N","CFC","3DS","ALL","REG","GDL",0,0
"P020031283","AHZPZBD","US","USD","N","CTP","3DS","ALL","REG","GDL",0,0
"P020031283","AHZPZBE","US","USD","N","CWT","3DS","ALL","REG","GDL",0,0
"P020031283","AHZPZBF","US","USD","N","CFC","GND","ALL","REG","GDL",0,0
"P020031283","AHZPZBG","US","USD","N","CTP","GND","ALL","REG","GDL",0,0
"P020031283","AHZPZBH","US","USD","N","CWT","GND","ALL","REG","GDL",0,0
"P030031177","AHSWKHO","US","USD","N","CWT","1DA","ALL","REG","GDL",1,0.1
"P030031177","AHSWKHP","US","USD","N","ALL","1DA","ALL","ALL","GDL",5,0.1
"P030031177","AHSWKHQ","US","USD","N","CWT","GND","ALL","REG","GDL",5,0.1
"P030031177","AHSWKHR","US","USD","N","ALL","GND","ALL","ALL","GDL",100,0.1
"P030031177","AHSWKHT","US","USD","N","ALL","1DA","ALL","ALL","AHC",10,108.5
"P030031177","AHSWKHU","US","USD","N","ALL","GND","ALL","ALL","AHC",10,108.5
"P030031177","AHSWRNY","US","USD","N","ALL","ALL","ALL","ALL","GDL",0,0
"P030031177","AHSWRPC","US","USD","E","ALL","WWS","ALL","ALL","GDL",0,0
"P030031177","AHSWRPD","US","USD","I","ALL","GND","ALL","ALL","GDL",0,0
"P030031177","AHSWRPF","US","USD","I","ALL","EXW","ALL","ALL","GDL",0,0
"P030031177","AHSWRPG","US","USD","I","ALL","XPR","ALL","ALL","GDL",0,0
"P030031177","AHSWRPH","US","USD","I","ALL","WXP","ALL","ALL","GDL",0,0
"P030031177","AHSWRPI","US","USD","I","ALL","XPD","ALL","ALL","GPU",0,0
"P030031177","AHSWRPJ","US","USD","I","ALL","XPD","ALL","ALL","GDL",0,0
"P030031177","AHSWRPK","US","USD","I","ALL","3DM","ALL","ALL","GDL",0,0
"P030031177","AHSWRPL","US","USD","I","ALL","WWS","ALL","ALL","GDL",0,0
"P030031177","AHSWRPM","US","USD","N","ALL","USB","ALL","ALL","GDL",0,0
"P030031177","AHSWRPO","US","USD","N","ALL","USG","ALL","ALL","GDL",0,0
"P030031177","AHSWRPP","US","USD","N","ALL","USL","ALL","ALL","GDL",0,0
"P030031177","AHSWRPQ","US","USD","N","ALL","USM","ALL","ALL","GDL",0,0
"P030031177","AHSWRPR","US","USD","E","ALL","WXP","ALL","ALL","GFP",0,0
"P030031177","AHSWRPS","US","USD","I","ALL","WXP","ALL","ALL","GFD",0,0
"P030031177","AHSWRPT","US","USD","I","ALL","GND","ALL","ALL","GPU",0,0
"P030031177","AHSWRPU","US","USD","I","ALL","EXW","ALL","ALL","GPU",0,0
"P030031177","AHSWRPV","US","USD","I","ALL","WWS","ALL","ALL","GPU",0,0
"P030031177","AHSWRPW","US","USD","I","ALL","WXP","ALL","ALL","GPU",0,0
"P030031177","AHSWRPX","US","USD","I","ALL","3DM","ALL","ALL","GPU",0,0
"P030031177","AHSWRQF","US","USD","I","ALL","WXS","ALL","ALL","GPU",0,0
"P030031177","AHSWRQG","US","USD","I","ALL","XPR","ALL","ALL","GPU",0,0
"P030031177","AHSWRQH","US","USD","E","ALL","EXW","ALL","ALL","GDL",0,0
"P030031177","AHSWRQI","US","USD","E","ALL","XPD","ALL","ALL","GDL",0,0
"P030031177","AHSWRQJ","US","USD","E","ALL","WXP","ALL","ALL","GDL",0,0
"P030031177","AHSWRQK","US","USD","E","ALL","WXS","ALL","ALL","GDL",0,0
"P030031177","AHSWRQL","US","USD","E","ALL","XPR","ALL","ALL","GDL",0,0
"P030031177","AHSWRQM","US","USD","E","ALL","GND","ALL","ALL","GDL",0,0
"P030031177","AHSWRQN","US","USD","I","ALL","WXS","ALL","ALL","GDL",0,0
"P030031177","AHTBPXQ","US","USD","N","CFC","1DA","ALL","REG","GDL",0,0
"P030031177","AHTBPXR","US","USD","N","CTP","1DA","ALL","REG","GDL",0,0
"P030031177","AHTBPXS","US","USD","N","CFC","1DP","ALL","REG","GDL",0,0
"P030031177","AHTBPXT","US","USD","N","CTP","1DP","ALL","REG","GDL",0,0
"P030031177","AHTBPXW","US","USD","N","CWT","1DP","ALL","REG","GDL",0,0
"P030031177","AHTBPXX","US","USD","N","CFC","2DA","ALL","REG","GDL",0,0
"P030031177","AHTBPXY","US","USD","N","CTP","2DA","ALL","REG","GDL",0,0
"P030031177","AHTBPXZ","US","USD","N","CWT","2DA","ALL","REG","GDL",0,0
"P030031177","AHTBPYA","US","USD","N","CFC","2DM","ALL","REG","GDL",0,0
"P030031177","AHTBPYC","US","USD","N","CTP","2DM","ALL","REG","GDL",0,0
"P030031177","AHTBPYD","US","USD","N","CWT","2DM","ALL","REG","GDL",0,0
"P030031177","AHTBPYF","US","USD","N","CFC","3DS","ALL","REG","GDL",0,0
"P030031177","AHTBPYG","US","USD","N","CTP","3DS","ALL","REG","GDL",0,0
"P030031177","AHTBPYH","US","USD","N","CWT","3DS","ALL","REG","GDL",0,0
"P030031177","AHTBPYI","US","USD","N","FFC","1DA","ALL","ALL","GDL",0,0
"P030031177","AHTBPYJ","US","USD","N","SCR","1DA","ALL","ALL","GDL",0,0
"P030031177","AHTBPYK","US","USD","N","SFC","1DA","ALL","ALL","GDL",0,0
"P030031177","AHTBPYL","US","USD","N","SPB","1DA","ALL","ALL","GDL",0,0
"P030031177","AHTBPYN","US","USD","N","STC","1DA","ALL","ALL","GDL",0,0
"P030031177","AHTBPYO","US","USD","N","STP","1DA","ALL","ALL","GDL",0,0
"P030031177","AHTBPYP","US","USD","N","ALL","1DM","ALL","ALL","GDL",0,0
"P030031177","AHTBPYQ","US","USD","N","FFC","1DM","ALL","ALL","GDL",0,0
"P030031177","AHTBPYS","US","USD","N","SCR","1DM","ALL","ALL","GDL",0,0
"P030031177","AHTBPYT","US","USD","N","SFC","1DM","ALL","ALL","GDL",0,0
"P030031177","AHTBPYU","US","USD","N","SPB","1DM","ALL","ALL","GDL",0,0
"P030031177","AHTBPYV","US","USD","N","STC","1DM","ALL","ALL","GDL",0,0
"P030031177","AHTBPYW","US","USD","N","STP","1DM","ALL","ALL","GDL",0,0
"P030031177","AHTBPZU","US","USD","N","ALL","1DP","ALL","ALL","GDL",0,0
"P030031177","AHTBQDF","US","USD","N","FFC","1DP","ALL","ALL","GDL",0,0
"P030031177","AHTBQGJ","US","USD","N","SCR","1DP","ALL","ALL","GDL",0,0
"P030031177","AHTBQJO","US","USD","N","SFC","1DP","ALL","ALL","GDL",0,0
"P030031177","AHTBQLV","US","USD","N","SPB","1DP","ALL","ALL","GDL",0,0
"P030031177","AHTBQPC","US","USD","N","STC","1DP","ALL","ALL","GDL",0,0
"P030031177","AHTBQRM","US","USD","N","STP","1DP","ALL","ALL","GDL",0,0
"P030031177","AHTBQSL","US","USD","N","ALL","2DA","ALL","ALL","GDL",0,0
"P030031177","AHTBQSN","US","USD","N","FFC","2DA","ALL","ALL","GDL",0,0
"P030031177","AHTBQSO","US","USD","N","SCR","2DA","ALL","ALL","GDL",0,0
"P030031177","AHTBQSP","US","USD","N","SFC","2DA","ALL","ALL","GDL",0,0
"P030031177","AHTBQSQ","US","USD","N","SPB","2DA","ALL","ALL","GDL",0,0
"P030031177","AHTBQSR","US","USD","N","STC","2DA","ALL","ALL","GDL",0,0
"P030031177","AHTBQST","US","USD","N","STP","2DA","ALL","ALL","GDL",0,0
"P030031177","AHTBQSU","US","USD","N","ALL","2DM","ALL","ALL","GDL",0,0
"P030031177","AHTBQSZ","US","USD","N","FFC","2DM","ALL","ALL","GDL",0,0
"P030031177","AHTBQTA","US","USD","N","SCR","2DM","ALL","ALL","GDL",0,0
"P030031177","AHTBQTC","US","USD","N","SFC","2DM","ALL","ALL","GDL",0,0
"P030031177","AHTBQTD","US","USD","N","SPB","2DM","ALL","ALL","GDL",0,0
"P030031177","AHTBQTE","US","USD","N","STC","2DM","ALL","ALL","GDL",0,0
"P030031177","AHTBQTF","US","USD","N","STP","2DM","ALL","ALL","GDL",0,0
"P030031177","AHTBQTG","US","USD","N","ALL","3DS","ALL","ALL","GDL",0,0
"P030031177","AHTBQTH","US","USD","N","FFC","3DS","ALL","ALL","GDL",0,0
"P030031177","AHTBQTI","US","USD","N","SCR","3DS","ALL","ALL","GDL",0,0
"P030031177","AHTBQTJ","US","USD","N","SFC","3DS","ALL","ALL","GDL",0,0
"P030031177","AHTBQTK","US","USD","N","SPB","3DS","ALL","ALL","GDL",0,0
"P030031177","AHTBQTL","US","USD","N","STC","3DS","ALL","ALL","GDL",0,0
"P030031177","AHTBQTZ","US","USD","N","STP","3DS","ALL","ALL","GDL",0,0
"P030031177","AHTBQVA","US","USD","N","CFC","GND","ALL","REG","GDL",0,0
"P030031177","AHTBQVB","US","USD","N","CTP","GND","ALL","REG","GDL",0,0
"P030031177","AHTBQVC","US","USD","N","FFC","GND","ALL","ALL","GDL",0,0
"P030031177","AHTBQVD","US","USD","N","SCR","GND","ALL","ALL","GDL",0,0
"P030031177","AHTBQVE","US","USD","N","SFC","GND","ALL","ALL","GDL",0,0
"P030031177","AHTBQVF","US","USD","N","SPB","GND","ALL","ALL","GDL",0,0
"P030031177","AHTBQVG","US","USD","N","STC","GND","ALL","ALL","GDL",0,0
"P030031177","AHTBQVH","US","USD","N","STP","GND","ALL","ALL","GDL",0,0
"P030031177","AHTBQVI","US","USD","N","ALL","1DM","ALL","ALL","AHC",10,108.5
"P030031177","AHTBQVJ","US","USD","N","ALL","1DP","ALL","ALL","AHC",10,108.5
"P030031177","AHTBQVK","US","USD","N","ALL","2DA","ALL","ALL","AHC",10,108.5
"P030031177","AHTBQVL","US","USD","N","ALL","2DM","ALL","ALL","AHC",10,108.5
"P030031177","AHTBQVM","US","USD","N","ALL","3DS","ALL","ALL","AHC",10,108.5
"P030031177","AHTBQVS","US","USD","E","ALL","ALL","ALL","ALL","GDL",0,0
"P030031177","AHTBQVT","US","USD","I","ALL","ALL","ALL","ALL","GDL",0,0
"P030031177","AHTBQVU","US","USD","E","ALL","ALL","ALL","ALL","GFP",0,0
"P030031177","AHTBQVV","US","USD","I","ALL","ALL","ALL","ALL","GPU",0,0
"P030031177","AHTBQVW","US","USD","I","ALL","ALL","ALL","ALL","GFD",0,0
"P030031211","AHWBYTQ","US","USD","E","ALL","EXW","ALL","ALL","GDL",0,0
"P030031211","AHWBYTR","US","USD","E","ALL","GND","ALL","ALL","GDL",0,0
"P030031211","AHWBYTS","US","USD","E","ALL","WWS","ALL","ALL","GDL",0,0
"P030031211","AHWBYTT","US","USD","E","ALL","WXP","ALL","ALL","GDL",0,0
"P030031211","AHWBYTU","US","USD","E","ALL","WXP","ALL","ALL","GFP",0,0
"P030031211","AHWBYTV","US","USD","E","ALL","WXS","ALL","ALL","GDL",0,0
"P030031211","AHWBYTW","US","USD","E","ALL","XPD","ALL","ALL","GDL",0,0
"P030031211","AHWBYTX","US","USD","E","ALL","XPR","ALL","ALL","GDL",0,0
"P030031211","AHWBYTY","US","USD","I","ALL","3DM","ALL","ALL","GDL",0,0
"P030031211","AHWBYTZ","US","USD","I","ALL","3DM","ALL","ALL","GPU",0,0
"P030031211","AHWBYVA","US","USD","I","ALL","EXW","ALL","ALL","GDL",0,0
"P030031211","AHWBYVB","US","USD","I","ALL","EXW","ALL","ALL","GPU",0,0
"P030031211","AHWBYVC","US","USD","I","ALL","GND","ALL","ALL","GDL",0,0
"P030031211","AHWBYVD","US","USD","I","ALL","GND","ALL","ALL","GPU",0,0
"P030031211","AHWBYVE","US","USD","I","ALL","WWS","ALL","ALL","GDL",0,0
"P030031211","AHWBYVF","US","USD","I","ALL","WWS","ALL","ALL","GPU",0,0
"P030031211","AHWBYVG","US","USD","I","ALL","WXP","ALL","ALL","GDL",0,0
"P030031211","AHWBYVH","US","USD","I","ALL","WXP","ALL","ALL","GFD",0,0
"P030031211","AHWBYVI","US","USD","I","ALL","WXP","ALL","ALL","GPU",0,0
"P030031211","AHWBYVJ","US","USD","I","ALL","WXS","ALL","ALL","GDL",0,0
"P030031211","AHWBYVK","US","USD","I","ALL","WXS","ALL","ALL","GPU",0,0
"P030031211","AHWBYVL","US","USD","I","ALL","XPD","ALL","ALL","GDL",0,0
"P030031211","AHWBYVM","US","USD","I","ALL","XPD","ALL","ALL","GPU",0,0
"P030031211","AHWBYVN","US","USD","I","ALL","XPR","ALL","ALL","GDL",0,0
"P030031211","AHWBYVO","US","USD","I","ALL","XPR","ALL","ALL","GPU",0,0
"P030031211","AHWBYVP","US","USD","N","ALL","1DA","ALL","ALL","GDL",0.5,1.17
"P030031211","AHWBYVQ","US","USD","N","FFC","1DA","ALL","ALL","GDL",0,0
"P030031211","AHWBYVR","US","USD","N","SCR","1DA","ALL","ALL","GDL",0,0
"P030031211","AHWBYVS","US","USD","N","SFC","1DA","ALL","ALL","GDL",0,0
"P030031211","AHWBYVT","US","USD","N","SFR","1DA","ALL","ALL","GDL",0,0
"P030031211","AHWBYVU","US","USD","N","SPB","1DA","ALL","ALL","GDL",0,0
"P030031211","AHWBYVV","US","USD","N","SPR","1DA","ALL","ALL","GDL",0,0
"P030031211","AHWBYVW","US","USD","N","STC","1DA","ALL","ALL","GDL",0,0
"P030031211","AHWBYVX","US","USD","N","STP","1DA","ALL","ALL","GDL",0,0
"P030031211","AHWBYVY","US","USD","N","STR","1DA","ALL","ALL","GDL",0,0
"P030031211","AHWBYVZ","US","USD","N","ALL","1DM","ALL","ALL","GDL",0,0
"P030031211","AHWBYWA","US","USD","N","FFC","1DM","ALL","ALL","GDL",0,0
"P030031211","AHWBYWB","US","USD","N","SCR","1DM","ALL","ALL","GDL",0,0
"P030031211","AHWBYWC","US","USD","N","SFC","1DM","ALL","ALL","GDL",0,0
"P030031211","AHWBYWD","US","USD","N","SFR","1DM","ALL","ALL","GDL",0,0
"P030031211","AHWBYWE","US","USD","N","SPB","1DM","ALL","ALL","GDL",0,0
"P030031211","AHWBYWF","US","USD","N","SPR","1DM","ALL","ALL","GDL",0,0
"P030031211","AHWBYWG","US","USD","N","STC","1DM","ALL","ALL","GDL",0,0
"P030031211","AHWBYWH","US","USD","N","STP","1DM","ALL","ALL","GDL",0,0
"P030031211","AHWBYWI","US","USD","N","STR","1DM","ALL","ALL","GDL",0,0
"P030031211","AHWBYWJ","US","USD","N","ALL","1DP","ALL","ALL","GDL",0.4,0.88
"P030031211","AHWBYWK","US","USD","N","FFC","1DP","ALL","ALL","GDL",0,0
"P030031211","AHWBYWL","US","USD","N","SCR","1DP","ALL","ALL","GDL",0,0
"P030031211","AHWBYWM","US","USD","N","SFC","1DP","ALL","ALL","GDL",0,0
"P030031211","AHWBYWN","US","USD","N","SFR","1DP","ALL","ALL","GDL",0,0
"P030031211","AHWBYWO","US","USD","N","SPB","1DP","ALL","ALL","GDL",0,0
"P030031211","AHWBYWP","US","USD","N","SPR","1DP","ALL","ALL","GDL",0,0
"P030031211","AHWBYWQ","US","USD","N","STC","1DP","ALL","ALL","GDL",0,0
"P030031211","AHWBYWR","US","USD","N","STP","1DP","ALL","ALL","GDL",0,0
"P030031211","AHWBYWS","US","USD","N","STR","1DP","ALL","ALL","GDL",0,0
"P030031211","AHWBYWT","US","USD","N","ALL","2DA","ALL","ALL","GDL",0,0
"P030031211","AHWBYWU","US","USD","N","FFC","2DA","ALL","ALL","GDL",0,0
"P030031211","AHWBYWV","US","USD","N","SCR","2DA","ALL","ALL","GDL",0,0
"P030031211","AHWBYWW","US","USD","N","SFC","2DA","ALL","ALL","GDL",0,0
"P030031211","AHWBYWX","US","USD","N","SFR","2DA","ALL","ALL","GDL",0,0
"P030031211","AHWBYWY","US","USD","N","SPB","2DA","ALL","ALL","GDL",0,0
"P030031211","AHWBYWZ","US","USD","N","SPR","2DA","ALL","ALL","GDL",0,0
"P030031211","AHWBYXA","US","USD","N","STC","2DA","ALL","ALL","GDL",0,0
"P030031211","AHWBYXB","US","USD","N","STP","2DA","ALL","ALL","GDL",0,0
"P030031211","AHWBYXC","US","USD","N","STR","2DA","ALL","ALL","GDL",0,0
"P030031211","AHWBYXD","US","USD","N","ALL","2DM","ALL","ALL","GDL",0,0
"P030031211","AHWBYXE","US","USD","N","FFC","2DM","ALL","ALL","GDL",0,0
"P030031211","AHWBYXF","US","USD","N","SCR","2DM","ALL","ALL","GDL",0,0
"P030031211","AHWBYXG","US","USD","N","SFC","2DM","ALL","ALL","GDL",0,0
"P030031211","AHWBYXH","US","USD","N","SFR","2DM","ALL","ALL","GDL",0,0
"P030031211","AHWBYXI","US","USD","N","SPB","2DM","ALL","ALL","GDL",0,0
"P030031211","AHWBYXJ","US","USD","N","SPR","2DM","ALL","ALL","GDL",0,0
"P030031211","AHWBYXK","US","USD","N","STC","2DM","ALL","ALL","GDL",0,0
"P030031211","AHWBYXL","US","USD","N","STP","2DM","ALL","ALL","GDL",0,0
"P030031211","AHWBYXM","US","USD","N","STR","2DM","ALL","ALL","GDL",0,0
"P030031211","AHWBYXN","US","USD","N","ALL","3DS","ALL","ALL","GDL",0,0
"P030031211","AHWBYXO","US","USD","N","FFC","3DS","ALL","ALL","GDL",0,0
"P030031211","AHWBYXP","US","USD","N","SCR","3DS","ALL","ALL","GDL",0,0
"P030031211","AHWBYXQ","US","USD","N","SFC","3DS","ALL","ALL","GDL",0,0
"P030031211","AHWBYXR","US","USD","N","SFR","3DS","ALL","ALL","GDL",0,0
"P030031211","AHWBYXS","US","USD","N","SPB","3DS","ALL","ALL","GDL",0,0
"P030031211","AHWBYXT","US","USD","N","SPR","3DS","ALL","ALL","GDL",0,0
"P030031211","AHWBYXU","US","USD","N","STC","3DS","ALL","ALL","GDL",0,0
"P030031211","AHWBYXV","US","USD","N","STP","3DS","ALL","ALL","GDL",0,0
"P030031211","AHWBYXW","US","USD","N","STR","3DS","ALL","ALL","GDL",0,0
"P030031211","AHWBYXX","US","USD","N","ALL","GND","ALL","ALL","GDL",105.1,241.87
"P030031211","AHWBYXY","US","USD","N","FFC","GND","ALL","ALL","GDL",0,0
"P030031211","AHWBYXZ","US","USD","N","SCR","GND","ALL","ALL","GDL",0,0
"P030031211","AHWBYYA","US","USD","N","SFC","GND","ALL","ALL","GDL",0,0
"P030031211","AHWBYYB","US","USD","N","SFR","GND","ALL","ALL","GDL",0,0
"P030031211","AHWBYYC","US","USD","N","SPB","GND","ALL","ALL","GDL",0,0
"P030031211","AHWBYYD","US","USD","N","SPR","GND","ALL","ALL","GDL",0,0
"P030031211","AHWBYYE","US","USD","N","STC","GND","ALL","ALL","GDL",0,0
"P030031211","AHWBYYF","US","USD","N","STP","GND","ALL","ALL","GDL",0,0
"P030031211","AHWBYYG","US","USD","N","STR","GND","ALL","ALL","GDL",0,0
"P030031211","AHWBYYH","US","USD","N","ALL","USB","ALL","ALL","GDL",0,0
"P030031211","AHWBYYI","US","USD","N","ALL","USG","ALL","ALL","GDL",0,0
"P030031211","AHWBYYJ","US","USD","N","ALL","USL","ALL","ALL","GDL",0,0
"P030031211","AHWBYYK","US","USD","N","ALL","USM","ALL","ALL","GDL",0,0
"P030031211","AHWBYYL","US","USD","N","CFC","1DA","ALL","REG","GDL",0,0
"P030031211","AHWBYYM","US","USD","N","CTP","1DA","ALL","REG","GDL",0,0
"P030031211","AHWBYYN","US","USD","N","CWT","1DA","ALL","REG","GDL",0,0
"P030031211","AHWBYYO","US","USD","N","CFC","1DP","ALL","REG","GDL",0,0
"P030031211","AHWBYYP","US","USD","N","CTP","1DP","ALL","REG","GDL",0,0
"P030031211","AHWBYYQ","US","USD","N","CWT","1DP","ALL","REG","GDL",0,0
"P030031211","AHWBYYR","US","USD","N","CFC","2DA","ALL","REG","GDL",0,0
"P030031211","AHWBYYS","US","USD","N","CTP","2DA","ALL","REG","GDL",0,0
"P030031211","AHWBYYT","US","USD","N","CWT","2DA","ALL","REG","GDL",0,0
"P030031211","AHWBYYU","US","USD","N","CFC","2DM","ALL","REG","GDL",0,0
"P030031211","AHWBYYV","US","USD","N","CTP","2DM","ALL","REG","GDL",0,0
"P030031211","AHWBYYW","US","USD","N","CWT","2DM","ALL","REG","GDL",0,0
"P030031211","AHWBYYX","US","USD","N","CFC","3DS","ALL","REG","GDL",0,0
"P030031211","AHWBYYY","US","USD","N","CTP","3DS","ALL","REG","GDL",0,0
"P030031211","AHWBYYZ","US","USD","N","CWT","3DS","ALL","REG","GDL",0,0
"P030031211","AHWBYZA","US","USD","N","CFC","GND","ALL","REG","GDL",0,0
"P030031211","AHWBYZB","US","USD","N","CTP","GND","ALL","REG","GDL",0,0
"P030031211","AHWBYZC","US","USD","N","CWT","GND","ALL","REG","GDL",0,0
"P030031211","AHWBYZD","US","USD","N","ALL","GND","ALL","ALL","RES",10,34
"P040031346","AJBSDHM","US","USD","N","ALL","GND","ALL","ALL","GDL",2500,0.1
"P040031346","AJBSLZD","US","USD","N","FFC","GND","ALL","ALL","GDL",0,0
"P040031346","AJBSLZE","US","USD","N","SCR","GND","ALL","ALL","GDL",0,0
"P040031346","AJBSLZF","US","USD","N","SFC","GND","ALL","ALL","GDL",0,0
"P040031346","AJBSLZG","US","USD","N","SPB","GND","ALL","ALL","GDL",0,0
"P040031346","AJBSLZH","US","USD","N","STC","GND","ALL","ALL","GDL",0,0
"P040031346","AJBSLZI","US","USD","N","STP","GND","ALL","ALL","GDL",0,0
"P040031346","AJBSLZJ","US","USD","N","ALL","ALL","ALL","ALL","GDL",0,0
"P040031346","AJBSLZK","US","USD","E","ALL","ALL","ALL","ALL","GDL",0,0
"P040031346","AJBSLZL","US","USD","E","ALL","ALL","ALL","ALL","GFP",0,0
"P040031346","AJBSLZM","US","USD","I","ALL","ALL","ALL","ALL","GFD",0,0
"P040031346","AJBSLZN","US","USD","I","ALL","ALL","ALL","ALL","GPU",0,0
"P040031346","AJBSLZO","US","USD","I","ALL","ALL","ALL","ALL","GDL",0,0
"P040031346","AJBSLZP","US","USD","N","SPB","1DA","ALL","ALL","GDL",0,0
"P040031346","AJBSLZQ","US","USD","N","SCR","1DA","ALL","ALL","GDL",0,0
"P040031346","AJBSLZR","US","USD","N","SFC","1DA","ALL","ALL","GDL",0,0
"P040031346","AJBSLZS","US","USD","N","FFC","1DA","ALL","ALL","GDL",0,0
"P040031346","AJBSLZT","US","USD","N","STP","1DA","ALL","ALL","GDL",0,0
"P040031346","AJBSLZU","US","USD","N","STC","1DA","ALL","ALL","GDL",0,0
"P040031346","AJBSLZV","US","USD","N","SPB","1DP","ALL","ALL","GDL",0,0
"P040031346","AJBSLZW","US","USD","N","SCR","1DP","ALL","ALL","GDL",0,0
"P040031346","AJBSLZX","US","USD","N","SFC","1DP","ALL","ALL","GDL",0,0
"P040031346","AJBSLZY","US","USD","N","FFC","1DP","ALL","ALL","GDL",0,0
"P040031346","AJBSLZZ","US","USD","N","STP","1DP","ALL","ALL","GDL",0,0
"P040031346","AJBSMBA","US","USD","N","STC","1DP","ALL","ALL","GDL",0,0
"P040031346","AJBSMBB","US","USD","N","SPB","1DM","ALL","ALL","GDL",0,0
"P040031346","AJBSMBC","US","USD","N","SCR","1DM","ALL","ALL","GDL",0,0
"P040031346","AJBSMBD","US","USD","N","SFC","1DM","ALL","ALL","GDL",0,0
"P040031346","AJBSMBE","US","USD","N","FFC","1DM","ALL","ALL","GDL",0,0
"P040031346","AJBSMBF","US","USD","N","STP","1DM","ALL","ALL","GDL",0,0
"P040031346","AJBSMBG","US","USD","N","STC","1DM","ALL","ALL","GDL",0,0
"P040031346","AJBSMBH","US","USD","N","SPB","2DA","ALL","ALL","GDL",0,0
"P040031346","AJBSMBI","US","USD","N","SCR","2DA","ALL","ALL","GDL",0,0
"P040031346","AJBSMBJ","US","USD","N","SFC","2DA","ALL","ALL","GDL",0,0
"P040031346","AJBSMBK","US","USD","N","FFC","2DA","ALL","ALL","GDL",0,0
"P040031346","AJBSMBL","US","USD","N","STP","2DA","ALL","ALL","GDL",0,0
"P040031346","AJBSMBM","US","USD","N","STC","2DA","ALL","ALL","GDL",0,0
"P040031346","AJBSMBN","US","USD","N","SPB","2DM","ALL","ALL","GDL",0,0
"P040031346","AJBSMBO","US","USD","N","SCR","2DM","ALL","ALL","GDL",0,0
"P040031346","AJBSMBP","US","USD","N","SFC","2DM","ALL","ALL","GDL",0,0
"P040031346","AJBSMBQ","US","USD","N","FFC","2DM","ALL","ALL","GDL",0,0
"P040031346","AJBSMBR","US","USD","N","STP","2DM","ALL","ALL","GDL",0,0
"P040031346","AJBSMBS","US","USD","N","STC","2DM","ALL","ALL","GDL",0,0
"P040031346","AJBSMBT","US","USD","N","SPB","3DS","ALL","ALL","GDL",0,0
"P040031346","AJBSMBU","US","USD","N","SCR","3DS","ALL","ALL","GDL",0,0
"P040031346","AJBSMBV","US","USD","N","SFC","3DS","ALL","ALL","GDL",0,0
"P040031346","AJBSMBW","US","USD","N","FFC","3DS","ALL","ALL","GDL",0,0
"P040031346","AJBSMBX","US","USD","N","STP","3DS","ALL","ALL","GDL",0,0
"P040031346","AJBSMBY","US","USD","N","STC","3DS","ALL","ALL","GDL",0,0
"P040031346","AJBSMBZ","US","USD","E","ALL","GND","ALL","ALL","GDL",0,0
"P040031346","AJBSMCA","US","USD","E","ALL","XPR","ALL","ALL","GDL",0,0
"P040031346","AJBSMCB","US","USD","E","ALL","WXP","ALL","ALL","GDL",0,0
"P040031346","AJBSMCC","US","USD","E","ALL","WXS","ALL","ALL","GDL",0,0
"P040031346","AJBSMCD","US","USD","E","ALL","XPD","ALL","ALL","GDL",0,0
"P040031346","AJBSMCE","US","USD","E","ALL","EXW","ALL","ALL","GDL",0,0
"P040031346","AJBSMCF","US","USD","E","ALL","WWS","ALL","ALL","GDL",0,0
"P040031346","AJBSMCG","US","USD","I","ALL","GND","ALL","ALL","GDL",0,0
"P040031346","AJBSMCH","US","USD","I","ALL","EXW","ALL","ALL","GDL",0,0
"P040031346","AJBSMCI","US","USD","I","ALL","XPR","ALL","ALL","GDL",0,0
"P040031346","AJBSMCJ","US","USD","I","ALL","WXP","ALL","ALL","GDL",0,0
"P040031346","AJBSMCK","US","USD","I","ALL","WXS","ALL","ALL","GDL",0,0
"P040031346","AJBSMCL","US","USD","I","ALL","XPD","ALL","ALL","GDL",0,0
"P040031346","AJBSMCM","US","USD","I","ALL","3DM","ALL","ALL","GDL",0,0
"P040031346","AJBSMCN","US","USD","I","ALL","WWS","ALL","ALL","GDL",0,0
"P040031346","AJBSMCO","US","USD","N","CWT","GND","ALL","REG","GDL",0,0
"P040031346","AJBSMCP","US","USD","N","CFC","GND","ALL","REG","GDL",0,0
"P040031346","AJBSMCQ","US","USD","N","CTP","GND","ALL","REG","GDL",0,0
"P040031346","AJBSMCR","US","USD","N","CWT","1DA","ALL","REG","GDL",0,0
"P040031346","AJBSMCS","US","USD","N","CFC","1DA","ALL","REG","GDL",0,0
"P040031346","AJBSMCT","US","USD","N","CTP","1DA","ALL","REG","GDL",0,0
"P040031346","AJBSMCU","US","USD","N","CWT","1DP","ALL","REG","GDL",0,0
"P040031346","AJBSMCV","US","USD","N","CFC","1DP","ALL","REG","GDL",0,0
"P040031346","AJBSMCW","US","USD","N","CTP","1DP","ALL","REG","GDL",0,0
"P040031346","AJBSMCX","US","USD","N","CWT","2DA","ALL","REG","GDL",0,0
"P040031346","AJBSMCY","US","USD","N","CFC","2DA","ALL","REG","GDL",0,0
"P040031346","AJBSMCZ","US","USD","N","CTP","2DA","ALL","REG","GDL",0,0
"P040031346","AJBSMDA","US","USD","N","CWT","2DM","ALL","REG","GDL",0,0
"P040031346","AJBSMFF","US","USD","N","CFC","2DM","ALL","REG","GDL",0,0
"P040031346","AJBSMFG","US","USD","N","CTP","2DM","ALL","REG","GDL",0,0
"P040031346","AJBSMFH","US","USD","N","CWT","3DS","ALL","REG","GDL",0,0
"P040031346","AJBSMFI","US","USD","N","CFC","3DS","ALL","REG","GDL",0,0
"P040031346","AJBSMFJ","US","USD","N","CTP","3DS","ALL","REG","GDL",0,0
"P040031346","AJBSMFK","US","USD","N","ALL","USB","ALL","ALL","GDL",0,0
"P040031346","AJBSMFL","US","USD","N","ALL","USG","ALL","ALL","GDL",0,0
"P040031346","AJBSMFM","US","USD","N","ALL","USL","ALL","ALL","GDL",0,0
"P040031346","AJBSMFN","US","USD","N","ALL","USM","ALL","ALL","GDL",0,0
"P040031346","AJBSMFO","US","USD","E","ALL","WXP","ALL","ALL","GFP",0,0
"P040031346","AJBSMFP","US","USD","I","ALL","WXP","ALL","ALL","GFD",0,0
"P040031346","AJBSMFQ","US","USD","I","ALL","GND","ALL","ALL","GPU",0,0
"P040031346","AJBSMFR","US","USD","I","ALL","EXW","ALL","ALL","GPU",0,0
"P040031346","AJBSMFS","US","USD","I","ALL","WWS","ALL","ALL","GPU",0,0
"P040031346","AJBSMFT","US","USD","I","ALL","WXP","ALL","ALL","GPU",0,0
"P040031346","AJBSMFU","US","USD","I","ALL","3DM","ALL","ALL","GPU",0,0
"P040031346","AJBSMFV","US","USD","I","ALL","WXS","ALL","ALL","GPU",0,0
"P040031346","AJBSMFW","US","USD","I","ALL","XPR","ALL","ALL","GPU",0,0
"P040031346","AJBSMFX","US","USD","I","ALL","XPD","ALL","ALL","GPU",0,0
"P040031356","AJCFBKF","US","USD","N","ALL","GND","ALL","ALL","GDL",5,0.01
"P040031356","AJCFBKG","US","USD","N","ALL","GND","ALL","ALL","RES",171,581.4
"P040031356","AJDGZFF","US","USD","N","FFC","GND","ALL","ALL","GDL",1,0.01
"P040031356","AJDGZFG","US","USD","N","SCR","GND","ALL","ALL","GDL",1,0.01
"P040031356","AJDGZFH","US","USD","N","SFC","GND","ALL","ALL","GDL",1,0.01
"P040031356","AJDGZFI","US","USD","N","SPB","GND","ALL","ALL","GDL",1,0.01
"P040031356","AJDGZFJ","US","USD","N","STC","GND","ALL","ALL","GDL",1,0.01
"P040031356","AJDGZFK","US","USD","N","STP","GND","ALL","ALL","GDL",1,0.01
"P040031356","AJDGZFL","US","USD","N","ALL","ALL","ALL","ALL","GDL",1,0.01
"P040031356","AJDGZFM","US","USD","E","ALL","ALL","ALL","ALL","GDL",0.24,0
"P040031356","AJDGZFN","US","USD","E","ALL","ALL","ALL","ALL","GFP",0.24,0
"P040031356","AJDGZFO","US","USD","I","ALL","ALL","ALL","ALL","GFD",0.24,0
"P040031356","AJDGZFR","US","USD","I","ALL","ALL","ALL","ALL","GPU",0.24,0
"P040031356","AJDGZFU","US","USD","I","ALL","ALL","ALL","ALL","GDL",0.24,0
"P040031356","AJDGZFV","US","USD","N","SPB","1DA","ALL","ALL","GDL",1,0.01
"P040031356","AJDGZFW","US","USD","N","SCR","1DA","ALL","ALL","GDL",1,0.01
"P040031356","AJDGZFX","US","USD","N","SFC","1DA","ALL","ALL","GDL",1,0.01
"P040031356","AJDGZFY","US","USD","N","FFC","1DA","ALL","ALL","GDL",1,0.01
"P040031356","AJDGZFZ","US","USD","N","STP","1DA","ALL","ALL","GDL",1,0.01
"P040031356","AJDGZGE","US","USD","N","STC","1DA","ALL","ALL","GDL",1,0.01
"P040031356","AJDGZGF","US","USD","N","SPB","1DP","ALL","ALL","GDL",1,0.01
"P040031356","AJDGZGG","US","USD","N","SCR","1DP","ALL","ALL","GDL",1,0.01
"P040031356","AJDGZGH","US","USD","N","SFC","1DP","ALL","ALL","GDL",1,0.01
"P040031356","AJDGZGI","US","USD","N","FFC","1DP","ALL","ALL","GDL",1,0.01
"P040031356","AJDGZGJ","US","USD","N","STP","1DP","ALL","ALL","GDL",1,0.01
"P040031356","AJDGZGK","US","USD","N","STC","1DP","ALL","ALL","GDL",1,0.01
"P040031356","AJDGZGM","US","USD","N","SPB","1DM","ALL","ALL","GDL",1,0.01
"P040031356","AJDGZGN","US","USD","N","SCR","1DM","ALL","ALL","GDL",1,0.01
"P040031356","AJDGZGO","US","USD","N","SFC","1DM","ALL","ALL","GDL",1,0.01
"P040031356","AJDGZGP","US","USD","N","FFC","1DM","ALL","ALL","GDL",1,0.01
"P040031356","AJDGZGR","US","USD","N","STP","1DM","ALL","ALL","GDL",1,0.01
"P040031356","AJDGZGS","US","USD","N","STC","1DM","ALL","ALL","GDL",1,0.01
"P040031356","AJDGZGT","US","USD","N","SPB","2DA","ALL","ALL","GDL",1,0.01
"P040031356","AJDGZGV","US","USD","N","SCR","2DA","ALL","ALL","GDL",1,0.01
"P040031356","AJDGZGW","US","USD","N","SFC","2DA","ALL","ALL","GDL",1,0.01
"P040031356","AJDGZGX","US","USD","N","FFC","2DA","ALL","ALL","GDL",1,0.01
"P040031356","AJDGZGY","US","USD","N","STP","2DA","ALL","ALL","GDL",1,0.01
"P040031356","AJDGZHM","US","USD","N","STC","2DA","ALL","ALL","GDL",1,0.01
"P040031356","AJDGZHN","US","USD","N","SPB","2DM","ALL","ALL","GDL",1,0.01
"P040031356","AJDGZHZ","US","USD","N","SCR","2DM","ALL","ALL","GDL",1,0.01
"P040031356","AJDGZJA","US","USD","N","SFC","2DM","ALL","ALL","GDL",1,0.01
"P040031356","AJDGZJB","US","USD","N","FFC","2DM","ALL","ALL","GDL",1,0.01
"P040031356","AJDGZJE","US","USD","N","STP","2DM","ALL","ALL","GDL",1,0.01
"P040031356","AJDGZJF","US","USD","N","STC","2DM","ALL","ALL","GDL",1,0.01
"P040031356","AJDGZJG","US","USD","N","SPB","3DS","ALL","ALL","GDL",1,0.01
"P040031356","AJDGZJH","US","USD","N","SCR","3DS","ALL","ALL","GDL",1,0.01
"P040031356","AJDGZJI","US","USD","N","SFC","3DS","ALL","ALL","GDL",1,0.01
"P040031356","AJDGZJJ","US","USD","N","FFC","3DS","ALL","ALL","GDL",1,0.01
"P040031356","AJDGZJK","US","USD","N","STP","3DS","ALL","ALL","GDL",1,0.01
"P040031356","AJDGZJL","US","USD","N","STC","3DS","ALL","ALL","GDL",1,0.01
"P040031356","AJDGZJM","US","USD","E","ALL","GND","ALL","ALL","GDL",0.24,0
"P040031356","AJDGZJN","US","USD","E","ALL","XPR","ALL","ALL","GDL",0.24,0
"P040031356","AJDGZJO","US","USD","E","ALL","WXS","ALL","ALL","GDL",0.24,0
"P040031356","AJDGZJP","US","USD","E","ALL","WXP","ALL","ALL","GDL",0.24,0
"P040031356","AJDGZJQ","US","USD","E","ALL","XPD","ALL","ALL","GDL",0.24,0
"P040031356","AJDGZJR","US","USD","E","ALL","EXW","ALL","ALL","GDL",0.24,0
"P040031356","AJDGZJS","US","USD","E","ALL","WWS","ALL","ALL","GDL",0.24,0
"P040031356","AJDGZJT","US","USD","I","ALL","GND","ALL","ALL","GDL",0.24,0
"P040031356","AJDGZJU","US","USD","I","ALL","EXW","ALL","ALL","GDL",0.24,0
"P040031356","AJDGZJV","US","USD","I","ALL","XPR","ALL","ALL","GDL",0.24,0
"P040031356","AJDGZKA","US","USD","I","ALL","WXP","ALL","ALL","GDL",0.24,0
"P040031356","AJDGZKB","US","USD","I","ALL","WXS","ALL","ALL","GDL",0.24,0
"P040031356","AJDGZKC","US","USD","I","ALL","XPD","ALL","ALL","GDL",0.24,0
"P040031356","AJDGZKJ","US","USD","I","ALL","3DM","ALL","ALL","GDL",0.24,0
"P040031356","AJDGZKK","US","USD","I","ALL","WWS","ALL","ALL","GDL",0.24,0
"P040031356","AJDGZKL","US","USD","N","CWT","GND","ALL","REG","GDL",1,0.01
"P040031356","AJDGZKQ","US","USD","N","CFC","GND","ALL","REG","GDL",1,0.01
"P040031356","AJDGZKR","US","USD","N","CTP","GND","ALL","REG","GDL",1,0.01
"P040031356","AJDGZKS","US","USD","N","CWT","1DA","ALL","REG","GDL",1,0.01
"P040031356","AJDGZKT","US","USD","N","CFC","1DA","ALL","REG","GDL",1,0.01
"P040031356","AJDGZKV","US","USD","N","CTP","1DA","ALL","REG","GDL",1,0.01
"P040031356","AJDGZKW","US","USD","N","CWT","1DP","ALL","REG","GDL",1,0.01
"P040031356","AJDGZLI","US","USD","N","CFC","1DP","ALL","REG","GDL",1,0.01
"P040031356","AJDGZLK","US","USD","N","CTP","1DP","ALL","REG","GDL",1,0.01
"P040031356","AJDGZLL","US","USD","N","CWT","2DA","ALL","REG","GDL",1,0.01
"P040031356","AJDGZLN","US","USD","N","CFC","2DA","ALL","REG","GDL",1,0.01
"P040031356","AJDGZLO","US","USD","N","CTP","2DA","ALL","REG","GDL",1,0.01
"P040031356","AJDGZLP","US","USD","N","CWT","2DM","ALL","REG","GDL",1,0.01
"P040031356","AJDGZLQ","US","USD","N","CFC","2DM","ALL","REG","GDL",1,0.01
"P040031356","AJDGZLR","US","USD","N","CTP","2DM","ALL","REG","GDL",1,0.01
"P040031356","AJDGZLS","US","USD","N","CWT","3DS","ALL","REG","GDL",1,0.01
"P040031356","AJDGZLT","US","USD","N","CFC","3DS","ALL","REG","GDL",1,0.01
"P040031356","AJDGZLU","US","USD","N","CTP","3DS","ALL","REG","GDL",1,0.01
"P040031356","AJDGZLV","US","USD","N","ALL","USB","ALL","ALL","GDL",1,0.01
"P040031356","AJDGZLW","US","USD","N","ALL","USG","ALL","ALL","GDL",1,0.01
"P040031356","AJDGZLX","US","USD","N","ALL","USL","ALL","ALL","GDL",1,0.01
"P040031356","AJDGZLY","US","USD","N","ALL","USM","ALL","ALL","GDL",1,0.01
"P040031356","AJDGZLZ","US","USD","E","ALL","WXP","ALL","ALL","GFP",0.24,0
"P040031356","AJDGZMA","US","USD","I","ALL","WXP","ALL","ALL","GFD",0.24,0
"P040031356","AJDGZMB","US","USD","I","ALL","GND","ALL","ALL","GPU",0.24,0
"P040031356","AJDGZMC","US","USD","I","ALL","EXW","ALL","ALL","GPU",0.24,0
"P040031356","AJDGZMD","US","USD","I","ALL","WWS","ALL","ALL","GPU",0.24,0
"P040031356","AJDGZME","US","USD","I","ALL","WXP","ALL","ALL","GPU",0.24,0
"P040031356","AJDGZMF","US","USD","I","ALL","3DM","ALL","ALL","GPU",0.24,0
"P040031356","AJDGZMG","US","USD","I","ALL","WXS","ALL","ALL","GPU",0.24,0
"P040031356","AJDGZMH","US","USD","I","ALL","XPR","ALL","ALL","GPU",0.24,0
"P040031356","AJDGZMI","US","USD","I","ALL","XPD","ALL","ALL","GPU",0.24,0
"P040031369","AJCYSWZ","US","USD","N","ALL","GND","ALL","ALL","RES",244,829.6
"P040031395","AJDTXDB","US","USD","N","ALL","GND","ALL","ALL","RES",30,102
"P120031482","AJYGXLE","US","USD","N","ALL","1DA","ALL","ALL","GDL",100,0.1
"P120031482","AJYGXLF","US","USD","N","ALL","GND","ALL","ALL","GDL",110,0.1
"P120031482","AJYGXLG","US","USD","N","ALL","GND","ALL","ALL","RES",120,408
"P120031482","AJYGXLH","US","USD","N","ALL","1DA","ALL","ALL","RES",130,442
"P620031797","AJYGWMV","US","USD","N","ALL","ALL","ALL","ALL","RES",1,3.4
"P620031797","AJYGWMW","US","USD","N","ALL","1DA","ALL","ALL","RES",3,12
"P730031704","AJYGWLK","US","USD","E","ALL","ALL","ALL","ALL","AHC",0.48,5.17
"P75FY31822","AJQFSGT","US","USD","N","ALL","ALL","ALL","ALL","ADC",2,26.8
"P75FY31822","AJQFSGU","US","USD","N","ALL","ALL","ALL","ALL","COD",1,12.9
"P910031788","AJYGWMT","US","USD","N","ALL","ALL","ALL","ALL","RES",1,3.4
"P910031788","AJYGWMU","US","USD","N","ALL","1DM","ALL","ALL","RES",3,12
